-- ============================================================================
-- BUS FLEET MANAGER — SEED DATA
-- ============================================================================
-- Lean seed: buses, seat maps, boarding points, sample bookings.
-- No trips, accommodations, extras, or import data.
--
-- Generated: 2026-02-26
-- ============================================================================

-- Cleanup (in dependency order)
DELETE FROM seat_assignments;
DELETE FROM bookings;
DELETE FROM instance_seats;
DELETE FROM seat_map_instances;
DELETE FROM bus_boarding_points;
DELETE FROM boarding_points;
DELETE FROM seat_template_cells;
DELETE FROM buses;
DELETE FROM seat_map_templates;

-- ============================================================================
-- SEAT MAP TEMPLATES
-- ============================================================================

INSERT INTO seat_map_templates (id, name, rows, cols) VALUES
  ('a0000000-0000-0000-0001-000000000001', 'Hummel 28+1', 10, 4),
  ('a0000000-0000-0000-0001-000000000002', 'Növermann 44+1', 13, 4);

-- Hummel 28+1 layout:
-- Row 0: Driver (col 0) + Entry (col 3)
-- Row 1-4: Passenger seats (16 seats)
-- Row 5: WC (col 0-1) + Kitchen (col 2-3)
-- Row 6-8: Passenger seats (12 seats)
-- Row 9: Empty (back wall)

INSERT INTO seat_template_cells (id, seat_map_id, row_idx, col_idx, label, cell_type, attributes) VALUES
  -- Row 0: Driver + Entry
  ('b0000000-0001-0000-0000-000000000001', 'a0000000-0000-0000-0001-000000000001', 0, 0, 'D1',  'driver',  '{}'),
  ('b0000000-0001-0000-0000-000000000002', 'a0000000-0000-0000-0001-000000000001', 0, 1, NULL,  'empty',   '{}'),
  ('b0000000-0001-0000-0000-000000000003', 'a0000000-0000-0000-0001-000000000001', 0, 2, NULL,  'empty',   '{}'),
  ('b0000000-0001-0000-0000-000000000004', 'a0000000-0000-0000-0001-000000000001', 0, 3, 'E1',  'entry',   '{}'),
  -- Row 1
  ('b0000000-0001-0001-0000-000000000001', 'a0000000-0000-0000-0001-000000000001', 1, 0, '1A',  'seat',    '{}'),
  ('b0000000-0001-0001-0000-000000000002', 'a0000000-0000-0000-0001-000000000001', 1, 1, '1B',  'seat',    '{}'),
  ('b0000000-0001-0001-0000-000000000003', 'a0000000-0000-0000-0001-000000000001', 1, 2, '1C',  'seat',    '{}'),
  ('b0000000-0001-0001-0000-000000000004', 'a0000000-0000-0000-0001-000000000001', 1, 3, '1D',  'seat',    '{}'),
  -- Row 2
  ('b0000000-0001-0002-0000-000000000001', 'a0000000-0000-0000-0001-000000000001', 2, 0, '2A',  'seat',    '{}'),
  ('b0000000-0001-0002-0000-000000000002', 'a0000000-0000-0000-0001-000000000001', 2, 1, '2B',  'seat',    '{}'),
  ('b0000000-0001-0002-0000-000000000003', 'a0000000-0000-0000-0001-000000000001', 2, 2, '2C',  'seat',    '{}'),
  ('b0000000-0001-0002-0000-000000000004', 'a0000000-0000-0000-0001-000000000001', 2, 3, '2D',  'seat',    '{}'),
  -- Row 3
  ('b0000000-0001-0003-0000-000000000001', 'a0000000-0000-0000-0001-000000000001', 3, 0, '3A',  'seat',    '{}'),
  ('b0000000-0001-0003-0000-000000000002', 'a0000000-0000-0000-0001-000000000001', 3, 1, '3B',  'seat',    '{}'),
  ('b0000000-0001-0003-0000-000000000003', 'a0000000-0000-0000-0001-000000000001', 3, 2, '3C',  'seat',    '{}'),
  ('b0000000-0001-0003-0000-000000000004', 'a0000000-0000-0000-0001-000000000001', 3, 3, '3D',  'seat',    '{}'),
  -- Row 4
  ('b0000000-0001-0004-0000-000000000001', 'a0000000-0000-0000-0001-000000000001', 4, 0, '4A',  'seat',    '{"extraLegroom": true}'),
  ('b0000000-0001-0004-0000-000000000002', 'a0000000-0000-0000-0001-000000000001', 4, 1, '4B',  'seat',    '{"extraLegroom": true}'),
  ('b0000000-0001-0004-0000-000000000003', 'a0000000-0000-0000-0001-000000000001', 4, 2, '4C',  'seat',    '{"extraLegroom": true}'),
  ('b0000000-0001-0004-0000-000000000004', 'a0000000-0000-0000-0001-000000000001', 4, 3, '4D',  'seat',    '{"extraLegroom": true}'),
  -- Row 5: WC + Kitchen
  ('b0000000-0001-0005-0000-000000000001', 'a0000000-0000-0000-0001-000000000001', 5, 0, NULL,  'wc',      '{}'),
  ('b0000000-0001-0005-0000-000000000002', 'a0000000-0000-0000-0001-000000000001', 5, 1, NULL,  'wc',      '{}'),
  ('b0000000-0001-0005-0000-000000000003', 'a0000000-0000-0000-0001-000000000001', 5, 2, NULL,  'kitchen', '{}'),
  ('b0000000-0001-0005-0000-000000000004', 'a0000000-0000-0000-0001-000000000001', 5, 3, NULL,  'kitchen', '{}'),
  -- Row 6
  ('b0000000-0001-0006-0000-000000000001', 'a0000000-0000-0000-0001-000000000001', 6, 0, '5A',  'seat',    '{}'),
  ('b0000000-0001-0006-0000-000000000002', 'a0000000-0000-0000-0001-000000000001', 6, 1, '5B',  'seat',    '{}'),
  ('b0000000-0001-0006-0000-000000000003', 'a0000000-0000-0000-0001-000000000001', 6, 2, '5C',  'seat',    '{}'),
  ('b0000000-0001-0006-0000-000000000004', 'a0000000-0000-0000-0001-000000000001', 6, 3, '5D',  'seat',    '{}'),
  -- Row 7
  ('b0000000-0001-0007-0000-000000000001', 'a0000000-0000-0000-0001-000000000001', 7, 0, '6A',  'seat',    '{}'),
  ('b0000000-0001-0007-0000-000000000002', 'a0000000-0000-0000-0001-000000000001', 7, 1, '6B',  'seat',    '{}'),
  ('b0000000-0001-0007-0000-000000000003', 'a0000000-0000-0000-0001-000000000001', 7, 2, '6C',  'seat',    '{}'),
  ('b0000000-0001-0007-0000-000000000004', 'a0000000-0000-0000-0001-000000000001', 7, 3, '6D',  'seat',    '{}'),
  -- Row 8
  ('b0000000-0001-0008-0000-000000000001', 'a0000000-0000-0000-0001-000000000001', 8, 0, '7A',  'seat',    '{}'),
  ('b0000000-0001-0008-0000-000000000002', 'a0000000-0000-0000-0001-000000000001', 8, 1, '7B',  'seat',    '{}'),
  ('b0000000-0001-0008-0000-000000000003', 'a0000000-0000-0000-0001-000000000001', 8, 2, '7C',  'seat',    '{}'),
  ('b0000000-0001-0008-0000-000000000004', 'a0000000-0000-0000-0001-000000000001', 8, 3, '7D',  'seat',    '{}'),
  -- Row 9: Back wall
  ('b0000000-0001-0009-0000-000000000001', 'a0000000-0000-0000-0001-000000000001', 9, 0, NULL,  'empty',   '{}'),
  ('b0000000-0001-0009-0000-000000000002', 'a0000000-0000-0000-0001-000000000001', 9, 1, NULL,  'empty',   '{}'),
  ('b0000000-0001-0009-0000-000000000003', 'a0000000-0000-0000-0001-000000000001', 9, 2, NULL,  'empty',   '{}'),
  ('b0000000-0001-0009-0000-000000000004', 'a0000000-0000-0000-0001-000000000001', 9, 3, NULL,  'empty',   '{}');

-- Növermann 44+1 layout
INSERT INTO seat_template_cells (id, seat_map_id, row_idx, col_idx, label, cell_type, attributes) VALUES
  ('b0000000-0002-0000-0000-000000000001', 'a0000000-0000-0000-0001-000000000002', 0, 0, 'D1',  'driver',  '{}'),
  ('b0000000-0002-0000-0000-000000000002', 'a0000000-0000-0000-0001-000000000002', 0, 1, NULL,  'empty',   '{}'),
  ('b0000000-0002-0000-0000-000000000003', 'a0000000-0000-0000-0001-000000000002', 0, 2, NULL,  'empty',   '{}'),
  ('b0000000-0002-0000-0000-000000000004', 'a0000000-0000-0000-0001-000000000002', 0, 3, 'E1',  'entry',   '{}'),
  -- Rows 1-5: seats
  ('b0000000-0002-0001-0000-000000000001', 'a0000000-0000-0000-0001-000000000002', 1, 0, '1A',  'seat',    '{}'),
  ('b0000000-0002-0001-0000-000000000002', 'a0000000-0000-0000-0001-000000000002', 1, 1, '1B',  'seat',    '{}'),
  ('b0000000-0002-0001-0000-000000000003', 'a0000000-0000-0000-0001-000000000002', 1, 2, '1C',  'seat',    '{}'),
  ('b0000000-0002-0001-0000-000000000004', 'a0000000-0000-0000-0001-000000000002', 1, 3, '1D',  'seat',    '{}'),
  ('b0000000-0002-0002-0000-000000000001', 'a0000000-0000-0000-0001-000000000002', 2, 0, '2A',  'seat',    '{}'),
  ('b0000000-0002-0002-0000-000000000002', 'a0000000-0000-0000-0001-000000000002', 2, 1, '2B',  'seat',    '{}'),
  ('b0000000-0002-0002-0000-000000000003', 'a0000000-0000-0000-0001-000000000002', 2, 2, '2C',  'seat',    '{}'),
  ('b0000000-0002-0002-0000-000000000004', 'a0000000-0000-0000-0001-000000000002', 2, 3, '2D',  'seat',    '{}'),
  ('b0000000-0002-0003-0000-000000000001', 'a0000000-0000-0000-0001-000000000002', 3, 0, '3A',  'seat',    '{}'),
  ('b0000000-0002-0003-0000-000000000002', 'a0000000-0000-0000-0001-000000000002', 3, 1, '3B',  'seat',    '{}'),
  ('b0000000-0002-0003-0000-000000000003', 'a0000000-0000-0000-0001-000000000002', 3, 2, '3C',  'seat',    '{}'),
  ('b0000000-0002-0003-0000-000000000004', 'a0000000-0000-0000-0001-000000000002', 3, 3, '3D',  'seat',    '{}'),
  ('b0000000-0002-0004-0000-000000000001', 'a0000000-0000-0000-0001-000000000002', 4, 0, '4A',  'seat',    '{}'),
  ('b0000000-0002-0004-0000-000000000002', 'a0000000-0000-0000-0001-000000000002', 4, 1, '4B',  'seat',    '{}'),
  ('b0000000-0002-0004-0000-000000000003', 'a0000000-0000-0000-0001-000000000002', 4, 2, '4C',  'seat',    '{}'),
  ('b0000000-0002-0004-0000-000000000004', 'a0000000-0000-0000-0001-000000000002', 4, 3, '4D',  'seat',    '{}'),
  ('b0000000-0002-0005-0000-000000000001', 'a0000000-0000-0000-0001-000000000002', 5, 0, '5A',  'seat',    '{}'),
  ('b0000000-0002-0005-0000-000000000002', 'a0000000-0000-0000-0001-000000000002', 5, 1, '5B',  'seat',    '{}'),
  ('b0000000-0002-0005-0000-000000000003', 'a0000000-0000-0000-0001-000000000002', 5, 2, '5C',  'seat',    '{}'),
  ('b0000000-0002-0005-0000-000000000004', 'a0000000-0000-0000-0001-000000000002', 5, 3, '5D',  'seat',    '{}'),
  -- Row 6: seats A-B, WC C-D
  ('b0000000-0002-0006-0000-000000000001', 'a0000000-0000-0000-0001-000000000002', 6, 0, '6A',  'seat',    '{}'),
  ('b0000000-0002-0006-0000-000000000002', 'a0000000-0000-0000-0001-000000000002', 6, 1, '6B',  'seat',    '{}'),
  ('b0000000-0002-0006-0000-000000000003', 'a0000000-0000-0000-0001-000000000002', 6, 2, NULL,  'wc',      '{}'),
  ('b0000000-0002-0006-0000-000000000004', 'a0000000-0000-0000-0001-000000000002', 6, 3, NULL,  'wc',      '{}'),
  -- Row 7: seats A-B, Kitchen C-D
  ('b0000000-0002-0007-0000-000000000001', 'a0000000-0000-0000-0001-000000000002', 7, 0, '7A',  'seat',    '{}'),
  ('b0000000-0002-0007-0000-000000000002', 'a0000000-0000-0000-0001-000000000002', 7, 1, '7B',  'seat',    '{}'),
  ('b0000000-0002-0007-0000-000000000003', 'a0000000-0000-0000-0001-000000000002', 7, 2, NULL,  'kitchen', '{}'),
  ('b0000000-0002-0007-0000-000000000004', 'a0000000-0000-0000-0001-000000000002', 7, 3, NULL,  'kitchen', '{}'),
  -- Rows 8-12: seats
  ('b0000000-0002-0008-0000-000000000001', 'a0000000-0000-0000-0001-000000000002', 8,  0, '8A',  'seat',   '{}'),
  ('b0000000-0002-0008-0000-000000000002', 'a0000000-0000-0000-0001-000000000002', 8,  1, '8B',  'seat',   '{}'),
  ('b0000000-0002-0008-0000-000000000003', 'a0000000-0000-0000-0001-000000000002', 8,  2, '8C',  'seat',   '{}'),
  ('b0000000-0002-0008-0000-000000000004', 'a0000000-0000-0000-0001-000000000002', 8,  3, '8D',  'seat',   '{}'),
  ('b0000000-0002-0009-0000-000000000001', 'a0000000-0000-0000-0001-000000000002', 9,  0, '9A',  'seat',   '{}'),
  ('b0000000-0002-0009-0000-000000000002', 'a0000000-0000-0000-0001-000000000002', 9,  1, '9B',  'seat',   '{}'),
  ('b0000000-0002-0009-0000-000000000003', 'a0000000-0000-0000-0001-000000000002', 9,  2, '9C',  'seat',   '{}'),
  ('b0000000-0002-0009-0000-000000000004', 'a0000000-0000-0000-0001-000000000002', 9,  3, '9D',  'seat',   '{}'),
  ('b0000000-0002-0010-0000-000000000001', 'a0000000-0000-0000-0001-000000000002', 10, 0, '10A', 'seat',   '{}'),
  ('b0000000-0002-0010-0000-000000000002', 'a0000000-0000-0000-0001-000000000002', 10, 1, '10B', 'seat',   '{}'),
  ('b0000000-0002-0010-0000-000000000003', 'a0000000-0000-0000-0001-000000000002', 10, 2, '10C', 'seat',   '{}'),
  ('b0000000-0002-0010-0000-000000000004', 'a0000000-0000-0000-0001-000000000002', 10, 3, '10D', 'seat',   '{}'),
  ('b0000000-0002-0011-0000-000000000001', 'a0000000-0000-0000-0001-000000000002', 11, 0, '11A', 'seat',   '{}'),
  ('b0000000-0002-0011-0000-000000000002', 'a0000000-0000-0000-0001-000000000002', 11, 1, '11B', 'seat',   '{}'),
  ('b0000000-0002-0011-0000-000000000003', 'a0000000-0000-0000-0001-000000000002', 11, 2, '11C', 'seat',   '{}'),
  ('b0000000-0002-0011-0000-000000000004', 'a0000000-0000-0000-0001-000000000002', 11, 3, '11D', 'seat',   '{}'),
  ('b0000000-0002-0012-0000-000000000001', 'a0000000-0000-0000-0001-000000000002', 12, 0, '12A', 'seat',   '{}'),
  ('b0000000-0002-0012-0000-000000000002', 'a0000000-0000-0000-0001-000000000002', 12, 1, '12B', 'seat',   '{}'),
  ('b0000000-0002-0012-0000-000000000003', 'a0000000-0000-0000-0001-000000000002', 12, 2, '12C', 'seat',   '{}'),
  ('b0000000-0002-0012-0000-000000000004', 'a0000000-0000-0000-0001-000000000002', 12, 3, '12D', 'seat',   '{}');

-- ============================================================================
-- BUSES
-- ============================================================================

INSERT INTO buses (id, code, name, description, seat_map_id, status) VALUES
  ('c0000000-0000-0000-0001-000000000001', 'HUM-01', 'Hummel 28+1',    'Small touring bus, 28 passenger seats', 'a0000000-0000-0000-0001-000000000001', 'active'),
  ('c0000000-0000-0000-0001-000000000002', 'NOV-01', 'Növermann 44+1', 'Large touring bus, 44 passenger seats', 'a0000000-0000-0000-0001-000000000002', 'active');

-- ============================================================================
-- BOARDING POINTS
-- ============================================================================

INSERT INTO boarding_points (id, code, name, city, postal_code, address, latitude, longitude, status) VALUES
  ('d0000000-0000-0000-0001-000000000001', 'OS-ZOB',  'Osnabrück, ZOB',           'Osnabrück',  '49074', 'Zentraler Omnibusbahnhof',       52.2799, 8.0472,  'active'),
  ('d0000000-0000-0000-0001-000000000002', 'HB-HBF',  'Bremen, Hbf Busbahnhof',   'Bremen',     '28195', 'Breitenweg 10',                  53.0832, 10.0088, 'active'),
  ('d0000000-0000-0000-0001-000000000003', 'OL-ZOB',  'Oldenburg, ZOB',           'Oldenburg',  '26122', 'Zentraler Omnibusbahnhof',       53.1435, 8.2146,  'active'),
  ('d0000000-0000-0000-0001-000000000004', 'AC-ZOB',  'Aachen, Bushof',           'Aachen',     '52064', 'Kurhausstraße 1',                50.7753, 6.0839,  'active'),
  ('d0000000-0000-0000-0001-000000000005', 'BN-ZOB',  'Bonn, Busbahnhof',         'Bonn',       '53113', 'Rabinstraße 2',                  50.7323, 7.0972,  'active'),
  ('d0000000-0000-0000-0001-000000000006', 'DN-ZOB',  'Düren, Busbahnhof',        'Düren',      '52349', 'Josef-Schregel-Straße',          50.8005, 6.4833,  'active');

-- ============================================================================
-- BUS <-> BOARDING POINT ASSIGNMENTS
-- ============================================================================

INSERT INTO bus_boarding_points (id, bus_id, boarding_point_id, addon_price, sort_order) VALUES
  ('e0000000-0000-0000-0001-000000000001', 'c0000000-0000-0000-0001-000000000001', 'd0000000-0000-0000-0001-000000000001', 0.00,  1),
  ('e0000000-0000-0000-0001-000000000002', 'c0000000-0000-0000-0001-000000000001', 'd0000000-0000-0000-0001-000000000002', 50.00, 2),
  ('e0000000-0000-0000-0001-000000000003', 'c0000000-0000-0000-0001-000000000001', 'd0000000-0000-0000-0001-000000000003', 50.00, 3),
  ('e0000000-0000-0000-0001-000000000004', 'c0000000-0000-0000-0001-000000000002', 'd0000000-0000-0000-0001-000000000004', 0.00,  1),
  ('e0000000-0000-0000-0001-000000000005', 'c0000000-0000-0000-0001-000000000002', 'd0000000-0000-0000-0001-000000000005', 40.00, 2),
  ('e0000000-0000-0000-0001-000000000006', 'c0000000-0000-0000-0001-000000000002', 'd0000000-0000-0000-0001-000000000006', 40.00, 3);

-- ============================================================================
-- SEAT MAP INSTANCE: HUM-01 on 2026-05-15 (Nordsee-Rundreise)
-- ============================================================================
-- 25 of 28 seats booked, 1 blocked (tour guide), 2 available (7C, 7D)
-- Boarding point distribution: Osnabrück 13, Bremen 8, Oldenburg 4

INSERT INTO seat_map_instances (id, bus_id, departure_date, source_template_id, total_seats, booked_seats, blocked_seats) VALUES
  ('f0000000-0000-0000-0001-000000000001', 'c0000000-0000-0000-0001-000000000001', '2026-05-15', 'a0000000-0000-0000-0001-000000000001', 28, 25, 1);

-- All instance seats (full copy of template)
INSERT INTO instance_seats (id, instance_id, row_idx, col_idx, label, cell_type, status, block_reason, attributes) VALUES
  -- Row 0: non-seat cells
  ('a1000000-0001-0000-0001-000000000001', 'f0000000-0000-0000-0001-000000000001', 0, 0, 'D1',  'driver',  'available', NULL, '{}'),
  ('a1000000-0001-0000-0002-000000000001', 'f0000000-0000-0000-0001-000000000001', 0, 1, NULL,  'empty',   'available', NULL, '{}'),
  ('a1000000-0001-0000-0003-000000000001', 'f0000000-0000-0000-0001-000000000001', 0, 2, NULL,  'empty',   'available', NULL, '{}'),
  ('a1000000-0001-0000-0004-000000000001', 'f0000000-0000-0000-0001-000000000001', 0, 3, 'E1',  'entry',   'available', NULL, '{}'),
  -- Row 1: 1A-1B booked (Fischer/OS), 1C booked (Berger/OS), 1D blocked (Reiseleitung)
  ('a1000000-0001-0001-0001-000000000001', 'f0000000-0000-0000-0001-000000000001', 1, 0, '1A', 'seat', 'booked',    NULL,            '{}'),
  ('a1000000-0001-0001-0002-000000000001', 'f0000000-0000-0000-0001-000000000001', 1, 1, '1B', 'seat', 'booked',    NULL,            '{}'),
  ('a1000000-0001-0001-0003-000000000001', 'f0000000-0000-0000-0001-000000000001', 1, 2, '1C', 'seat', 'booked',    NULL,            '{}'),
  ('a1000000-0001-0001-0004-000000000001', 'f0000000-0000-0000-0001-000000000001', 1, 3, '1D', 'seat', 'blocked',   'Reiseleitung',  '{}'),
  -- Row 2: 2A-2B booked (Müller/OS), 2C-2D booked (Berger/OS)
  ('a1000000-0001-0002-0001-000000000001', 'f0000000-0000-0000-0001-000000000001', 2, 0, '2A', 'seat', 'booked', NULL, '{}'),
  ('a1000000-0001-0002-0002-000000000001', 'f0000000-0000-0000-0001-000000000001', 2, 1, '2B', 'seat', 'booked', NULL, '{}'),
  ('a1000000-0001-0002-0003-000000000001', 'f0000000-0000-0000-0001-000000000001', 2, 2, '2C', 'seat', 'booked', NULL, '{}'),
  ('a1000000-0001-0002-0004-000000000001', 'f0000000-0000-0000-0001-000000000001', 2, 3, '2D', 'seat', 'booked', NULL, '{}'),
  -- Row 3: 3A-3B booked (Schmidt/HB), 3C-3D booked (Wagner/HB)
  ('a1000000-0001-0003-0001-000000000001', 'f0000000-0000-0000-0001-000000000001', 3, 0, '3A', 'seat', 'booked', NULL, '{}'),
  ('a1000000-0001-0003-0002-000000000001', 'f0000000-0000-0000-0001-000000000001', 3, 1, '3B', 'seat', 'booked', NULL, '{}'),
  ('a1000000-0001-0003-0003-000000000001', 'f0000000-0000-0000-0001-000000000001', 3, 2, '3C', 'seat', 'booked', NULL, '{}'),
  ('a1000000-0001-0003-0004-000000000001', 'f0000000-0000-0000-0001-000000000001', 3, 3, '3D', 'seat', 'booked', NULL, '{}'),
  -- Row 4: 4A-4B booked (Becker/OL), 4C-4D booked (Hoffmann/OS) — extra legroom
  ('a1000000-0001-0004-0001-000000000001', 'f0000000-0000-0000-0001-000000000001', 4, 0, '4A', 'seat', 'booked', NULL, '{"extraLegroom": true}'),
  ('a1000000-0001-0004-0002-000000000001', 'f0000000-0000-0000-0001-000000000001', 4, 1, '4B', 'seat', 'booked', NULL, '{"extraLegroom": true}'),
  ('a1000000-0001-0004-0003-000000000001', 'f0000000-0000-0000-0001-000000000001', 4, 2, '4C', 'seat', 'booked', NULL, '{"extraLegroom": true}'),
  ('a1000000-0001-0004-0004-000000000001', 'f0000000-0000-0000-0001-000000000001', 4, 3, '4D', 'seat', 'booked', NULL, '{"extraLegroom": true}'),
  -- Row 5: WC + Kitchen
  ('a1000000-0001-0005-0001-000000000001', 'f0000000-0000-0000-0001-000000000001', 5, 0, NULL, 'wc',      'available', NULL, '{}'),
  ('a1000000-0001-0005-0002-000000000001', 'f0000000-0000-0000-0001-000000000001', 5, 1, NULL, 'wc',      'available', NULL, '{}'),
  ('a1000000-0001-0005-0003-000000000001', 'f0000000-0000-0000-0001-000000000001', 5, 2, NULL, 'kitchen', 'available', NULL, '{}'),
  ('a1000000-0001-0005-0004-000000000001', 'f0000000-0000-0000-0001-000000000001', 5, 3, NULL, 'kitchen', 'available', NULL, '{}'),
  -- Row 6: 5A-5B booked (Richter+Braun/HB), 5C-5D booked (Zimmermann/OS)
  ('a1000000-0001-0006-0001-000000000001', 'f0000000-0000-0000-0001-000000000001', 6, 0, '5A', 'seat', 'booked', NULL, '{}'),
  ('a1000000-0001-0006-0002-000000000001', 'f0000000-0000-0000-0001-000000000001', 6, 1, '5B', 'seat', 'booked', NULL, '{}'),
  ('a1000000-0001-0006-0003-000000000001', 'f0000000-0000-0000-0001-000000000001', 6, 2, '5C', 'seat', 'booked', NULL, '{}'),
  ('a1000000-0001-0006-0004-000000000001', 'f0000000-0000-0000-0001-000000000001', 6, 3, '5D', 'seat', 'booked', NULL, '{}'),
  -- Row 7: 6A-6B booked (Krause/OL), 6C-6D booked (Meyer/HB)
  ('a1000000-0001-0007-0001-000000000001', 'f0000000-0000-0000-0001-000000000001', 7, 0, '6A', 'seat', 'booked', NULL, '{}'),
  ('a1000000-0001-0007-0002-000000000001', 'f0000000-0000-0000-0001-000000000001', 7, 1, '6B', 'seat', 'booked', NULL, '{}'),
  ('a1000000-0001-0007-0003-000000000001', 'f0000000-0000-0000-0001-000000000001', 7, 2, '6C', 'seat', 'booked', NULL, '{}'),
  ('a1000000-0001-0007-0004-000000000001', 'f0000000-0000-0000-0001-000000000001', 7, 3, '6D', 'seat', 'booked', NULL, '{}'),
  -- Row 8: 7A-7B booked (Schulze/OS), 7C-7D available (last 2 seats!)
  ('a1000000-0001-0008-0001-000000000001', 'f0000000-0000-0000-0001-000000000001', 8, 0, '7A', 'seat', 'booked',    NULL, '{}'),
  ('a1000000-0001-0008-0002-000000000001', 'f0000000-0000-0000-0001-000000000001', 8, 1, '7B', 'seat', 'booked',    NULL, '{}'),
  ('a1000000-0001-0008-0003-000000000001', 'f0000000-0000-0000-0001-000000000001', 8, 2, '7C', 'seat', 'available', NULL, '{}'),
  ('a1000000-0001-0008-0004-000000000001', 'f0000000-0000-0000-0001-000000000001', 8, 3, '7D', 'seat', 'available', NULL, '{}'),
  -- Row 9: back wall
  ('a1000000-0001-0009-0001-000000000001', 'f0000000-0000-0000-0001-000000000001', 9, 0, NULL, 'empty', 'available', NULL, '{}'),
  ('a1000000-0001-0009-0002-000000000001', 'f0000000-0000-0000-0001-000000000001', 9, 1, NULL, 'empty', 'available', NULL, '{}'),
  ('a1000000-0001-0009-0003-000000000001', 'f0000000-0000-0000-0001-000000000001', 9, 2, NULL, 'empty', 'available', NULL, '{}'),
  ('a1000000-0001-0009-0004-000000000001', 'f0000000-0000-0000-0001-000000000001', 9, 3, NULL, 'empty', 'available', NULL, '{}');

-- ============================================================================
-- BOOKINGS (12 bookings, 25 passengers total)
-- ============================================================================
-- Boarding point IDs:
--   d...001 = Osnabrück ZOB  (Aufpreis €0)
--   d...002 = Bremen Hbf     (Aufpreis €50/Person)
--   d...003 = Oldenburg ZOB  (Aufpreis €50/Person)

INSERT INTO bookings (id, booking_ref, bus_id, departure_date, boarding_point_id, status, total_price, currency, tb_booking_ref, booked_at) VALUES
  -- Osnabrück ZOB (13 Passagiere, 6 Buchungen)
  ('a2000000-0000-0000-0001-000000000001', 'FB-2026-0001', 'c0000000-0000-0000-0001-000000000001', '2026-05-15', 'd0000000-0000-0000-0001-000000000001', 'confirmed',   0.00, 'EUR', 'TB-REF-10001', '2026-03-12 09:15:00+01'),
  ('a2000000-0000-0000-0001-000000000003', 'FB-2026-0003', 'c0000000-0000-0000-0001-000000000001', '2026-05-15', 'd0000000-0000-0000-0001-000000000001', 'confirmed',   0.00, 'EUR', 'TB-REF-10003', '2026-03-14 11:30:00+01'),
  ('a2000000-0000-0000-0001-000000000004', 'FB-2026-0004', 'c0000000-0000-0000-0001-000000000001', '2026-05-15', 'd0000000-0000-0000-0001-000000000001', 'confirmed',   0.00, 'EUR', 'TB-REF-10004', '2026-03-18 14:22:00+01'),
  ('a2000000-0000-0000-0001-000000000007', 'FB-2026-0007', 'c0000000-0000-0000-0001-000000000001', '2026-05-15', 'd0000000-0000-0000-0001-000000000001', 'confirmed',   0.00, 'EUR', 'TB-REF-10007', '2026-03-25 16:45:00+01'),
  ('a2000000-0000-0000-0001-000000000009', 'FB-2026-0009', 'c0000000-0000-0000-0001-000000000001', '2026-05-15', 'd0000000-0000-0000-0001-000000000001', 'confirmed',   0.00, 'EUR', 'TB-REF-10009', '2026-04-02 10:05:00+02'),
  ('a2000000-0000-0000-0001-000000000012', 'FB-2026-0012', 'c0000000-0000-0000-0001-000000000001', '2026-05-15', 'd0000000-0000-0000-0001-000000000001', 'confirmed',   0.00, 'EUR', 'TB-REF-10012', '2026-04-15 09:30:00+02'),
  -- Bremen Hbf (8 Passagiere, 4 Buchungen)
  ('a2000000-0000-0000-0001-000000000002', 'FB-2026-0002', 'c0000000-0000-0000-0001-000000000001', '2026-05-15', 'd0000000-0000-0000-0001-000000000002', 'confirmed', 100.00, 'EUR', 'TB-REF-10002', '2026-03-13 10:45:00+01'),
  ('a2000000-0000-0000-0001-000000000005', 'FB-2026-0005', 'c0000000-0000-0000-0001-000000000001', '2026-05-15', 'd0000000-0000-0000-0001-000000000002', 'confirmed', 100.00, 'EUR', 'TB-REF-10005', '2026-03-20 08:10:00+01'),
  ('a2000000-0000-0000-0001-000000000008', 'FB-2026-0008', 'c0000000-0000-0000-0001-000000000001', '2026-05-15', 'd0000000-0000-0000-0001-000000000002', 'confirmed', 100.00, 'EUR', 'TB-REF-10008', '2026-03-28 13:20:00+01'),
  ('a2000000-0000-0000-0001-000000000011', 'FB-2026-0011', 'c0000000-0000-0000-0001-000000000001', '2026-05-15', 'd0000000-0000-0000-0001-000000000002', 'confirmed', 100.00, 'EUR', 'TB-REF-10011', '2026-04-10 17:55:00+02'),
  -- Oldenburg ZOB (4 Passagiere, 2 Buchungen)
  ('a2000000-0000-0000-0001-000000000006', 'FB-2026-0006', 'c0000000-0000-0000-0001-000000000001', '2026-05-15', 'd0000000-0000-0000-0001-000000000003', 'confirmed', 100.00, 'EUR', 'TB-REF-10006', '2026-03-22 15:00:00+01'),
  ('a2000000-0000-0000-0001-000000000010', 'FB-2026-0010', 'c0000000-0000-0000-0001-000000000001', '2026-05-15', 'd0000000-0000-0000-0001-000000000003', 'confirmed', 100.00, 'EUR', 'TB-REF-10010', '2026-04-05 11:40:00+02');

-- ============================================================================
-- SEAT ASSIGNMENTS (25 passengers)
-- ============================================================================
-- Seat ID pattern: a1000000-0001-{row:04x}-{col:04x}-000000000001

INSERT INTO seat_assignments (id, booking_id, instance_seat_id, passenger_title, passenger_first_name, passenger_last_name, passenger_nezasa_ref, preferences) VALUES
  -- Booking 1: Müller (Osnabrück) → 2A, 2B
  ('a3000000-0000-0000-0001-000000000001', 'a2000000-0000-0000-0001-000000000001', 'a1000000-0001-0002-0001-000000000001', 'MR',  'Hans',        'Müller',      'pax-001', '{"companion": "Frau Müller"}'),
  ('a3000000-0000-0000-0001-000000000002', 'a2000000-0000-0000-0001-000000000001', 'a1000000-0001-0002-0002-000000000001', 'MRS', 'Ingrid',      'Müller',      'pax-002', '{"companion": "Herr Müller"}'),
  -- Booking 2: Schmidt (Bremen) → 3A, 3B
  ('a3000000-0000-0000-0001-000000000003', 'a2000000-0000-0000-0001-000000000002', 'a1000000-0001-0003-0001-000000000001', 'MR',  'Peter',       'Schmidt',     'pax-003', '{"window": true}'),
  ('a3000000-0000-0000-0001-000000000004', 'a2000000-0000-0000-0001-000000000002', 'a1000000-0001-0003-0002-000000000001', 'MRS', 'Maria',       'Schmidt',     'pax-004', '{}'),
  -- Booking 3: Fischer (Osnabrück) → 1A, 1B
  ('a3000000-0000-0000-0001-000000000005', 'a2000000-0000-0000-0001-000000000003', 'a1000000-0001-0001-0001-000000000001', 'MR',  'Werner',      'Fischer',     'pax-005', '{"window": true}'),
  ('a3000000-0000-0000-0001-000000000006', 'a2000000-0000-0000-0001-000000000003', 'a1000000-0001-0001-0002-000000000001', 'MRS', 'Hannelore',   'Fischer',     'pax-006', '{"companion": "Herr Fischer"}'),
  -- Booking 4: Berger (Osnabrück) → 1C, 2C, 2D
  ('a3000000-0000-0000-0001-000000000007', 'a2000000-0000-0000-0001-000000000004', 'a1000000-0001-0001-0003-000000000001', 'MRS', 'Sabine',      'Berger',      'pax-007', '{}'),
  ('a3000000-0000-0000-0001-000000000008', 'a2000000-0000-0000-0001-000000000004', 'a1000000-0001-0002-0003-000000000001', 'MR',  'Tim',         'Berger',      'pax-008', '{}'),
  ('a3000000-0000-0000-0001-000000000009', 'a2000000-0000-0000-0001-000000000004', 'a1000000-0001-0002-0004-000000000001', 'MRS', 'Lisa',        'Berger',      'pax-009', '{}'),
  -- Booking 5: Wagner (Bremen) → 3C, 3D
  ('a3000000-0000-0000-0001-000000000010', 'a2000000-0000-0000-0001-000000000005', 'a1000000-0001-0003-0003-000000000001', 'MR',  'Klaus',       'Wagner',      'pax-010', '{}'),
  ('a3000000-0000-0000-0001-000000000011', 'a2000000-0000-0000-0001-000000000005', 'a1000000-0001-0003-0004-000000000001', 'MRS', 'Renate',      'Wagner',      'pax-011', '{"companion": "Herr Wagner"}'),
  -- Booking 6: Becker (Oldenburg) → 4A, 4B
  ('a3000000-0000-0000-0001-000000000012', 'a2000000-0000-0000-0001-000000000006', 'a1000000-0001-0004-0001-000000000001', 'MR',  'Friedrich',   'Becker',      'pax-012', '{"window": true}'),
  ('a3000000-0000-0000-0001-000000000013', 'a2000000-0000-0000-0001-000000000006', 'a1000000-0001-0004-0002-000000000001', 'MRS', 'Elfriede',    'Becker',      'pax-013', '{}'),
  -- Booking 7: Hoffmann (Osnabrück) → 4C, 4D
  ('a3000000-0000-0000-0001-000000000014', 'a2000000-0000-0000-0001-000000000007', 'a1000000-0001-0004-0003-000000000001', 'MR',  'Jürgen',      'Hoffmann',    'pax-014', '{}'),
  ('a3000000-0000-0000-0001-000000000015', 'a2000000-0000-0000-0001-000000000007', 'a1000000-0001-0004-0004-000000000001', 'MRS', 'Monika',      'Hoffmann',    'pax-015', '{"companion": "Herr Hoffmann"}'),
  -- Booking 8: Richter + Braun (Bremen, Freundinnen) → 5A, 5B
  ('a3000000-0000-0000-0001-000000000016', 'a2000000-0000-0000-0001-000000000008', 'a1000000-0001-0006-0001-000000000001', 'MRS', 'Gabriele',    'Richter',     'pax-016', '{"companion": "Frau Braun"}'),
  ('a3000000-0000-0000-0001-000000000017', 'a2000000-0000-0000-0001-000000000008', 'a1000000-0001-0006-0002-000000000001', 'MRS', 'Helga',       'Braun',       'pax-017', '{"companion": "Frau Richter"}'),
  -- Booking 9: Zimmermann (Osnabrück) → 5C, 5D
  ('a3000000-0000-0000-0001-000000000018', 'a2000000-0000-0000-0001-000000000009', 'a1000000-0001-0006-0003-000000000001', 'MR',  'Dieter',      'Zimmermann',  'pax-018', '{"window": true}'),
  ('a3000000-0000-0000-0001-000000000019', 'a2000000-0000-0000-0001-000000000009', 'a1000000-0001-0006-0004-000000000001', 'MRS', 'Ursula',      'Zimmermann',  'pax-019', '{}'),
  -- Booking 10: Krause (Oldenburg) → 6A, 6B
  ('a3000000-0000-0000-0001-000000000020', 'a2000000-0000-0000-0001-000000000010', 'a1000000-0001-0007-0001-000000000001', 'MR',  'Heinrich',    'Krause',      'pax-020', '{}'),
  ('a3000000-0000-0000-0001-000000000021', 'a2000000-0000-0000-0001-000000000010', 'a1000000-0001-0007-0002-000000000001', 'MRS', 'Gertrud',     'Krause',      'pax-021', '{"companion": "Herr Krause"}'),
  -- Booking 11: Meyer (Bremen) → 6C, 6D
  ('a3000000-0000-0000-0001-000000000022', 'a2000000-0000-0000-0001-000000000011', 'a1000000-0001-0007-0003-000000000001', 'MR',  'Rolf',        'Meyer',       'pax-022', '{}'),
  ('a3000000-0000-0000-0001-000000000023', 'a2000000-0000-0000-0001-000000000011', 'a1000000-0001-0007-0004-000000000001', 'MRS', 'Erika',       'Meyer',       'pax-023', '{}'),
  -- Booking 12: Schulze (Osnabrück) → 7A, 7B
  ('a3000000-0000-0000-0001-000000000024', 'a2000000-0000-0000-0001-000000000012', 'a1000000-0001-0008-0001-000000000001', 'MR',  'Wolfgang',    'Schulze',     'pax-024', '{"window": true}'),
  ('a3000000-0000-0000-0001-000000000025', 'a2000000-0000-0000-0001-000000000012', 'a1000000-0001-0008-0002-000000000001', 'MRS', 'Irmgard',     'Schulze',     'pax-025', '{}');

-- ============================================================================
-- SEAT MAP INSTANCE: NOV-01 on 2026-06-01 (Eifel-Rundfahrt)
-- ============================================================================
-- 30 of 44 seats booked, 1 blocked (tour guide), 13 available
-- Boarding point distribution: Aachen 13, Bonn 10, Düren 7

INSERT INTO seat_map_instances (id, bus_id, departure_date, source_template_id, total_seats, booked_seats, blocked_seats) VALUES
  ('f0000000-0000-0000-0001-000000000002', 'c0000000-0000-0000-0001-000000000002', '2026-06-01', 'a0000000-0000-0000-0001-000000000002', 44, 30, 1);

-- All instance seats (full copy of Növermann template)
INSERT INTO instance_seats (id, instance_id, row_idx, col_idx, label, cell_type, status, block_reason, attributes) VALUES
  -- Row 0: non-seat cells
  ('a1000000-0002-0000-0001-000000000001', 'f0000000-0000-0000-0001-000000000002', 0, 0, 'D1',  'driver',  'available', NULL, '{}'),
  ('a1000000-0002-0000-0002-000000000001', 'f0000000-0000-0000-0001-000000000002', 0, 1, NULL,  'empty',   'available', NULL, '{}'),
  ('a1000000-0002-0000-0003-000000000001', 'f0000000-0000-0000-0001-000000000002', 0, 2, NULL,  'empty',   'available', NULL, '{}'),
  ('a1000000-0002-0000-0004-000000000001', 'f0000000-0000-0000-0001-000000000002', 0, 3, 'E1',  'entry',   'available', NULL, '{}'),
  -- Row 1: 1A-1C booked, 1D blocked (Reiseleitung)
  ('a1000000-0002-0001-0001-000000000001', 'f0000000-0000-0000-0001-000000000002', 1, 0, '1A', 'seat', 'booked',  NULL,           '{}'),
  ('a1000000-0002-0001-0002-000000000001', 'f0000000-0000-0000-0001-000000000002', 1, 1, '1B', 'seat', 'booked',  NULL,           '{}'),
  ('a1000000-0002-0001-0003-000000000001', 'f0000000-0000-0000-0001-000000000002', 1, 2, '1C', 'seat', 'booked',  NULL,           '{}'),
  ('a1000000-0002-0001-0004-000000000001', 'f0000000-0000-0000-0001-000000000002', 1, 3, '1D', 'seat', 'blocked', 'Reiseleitung', '{}'),
  -- Row 2: all booked
  ('a1000000-0002-0002-0001-000000000001', 'f0000000-0000-0000-0001-000000000002', 2, 0, '2A', 'seat', 'booked', NULL, '{}'),
  ('a1000000-0002-0002-0002-000000000001', 'f0000000-0000-0000-0001-000000000002', 2, 1, '2B', 'seat', 'booked', NULL, '{}'),
  ('a1000000-0002-0002-0003-000000000001', 'f0000000-0000-0000-0001-000000000002', 2, 2, '2C', 'seat', 'booked', NULL, '{}'),
  ('a1000000-0002-0002-0004-000000000001', 'f0000000-0000-0000-0001-000000000002', 2, 3, '2D', 'seat', 'booked', NULL, '{}'),
  -- Row 3: all booked
  ('a1000000-0002-0003-0001-000000000001', 'f0000000-0000-0000-0001-000000000002', 3, 0, '3A', 'seat', 'booked', NULL, '{}'),
  ('a1000000-0002-0003-0002-000000000001', 'f0000000-0000-0000-0001-000000000002', 3, 1, '3B', 'seat', 'booked', NULL, '{}'),
  ('a1000000-0002-0003-0003-000000000001', 'f0000000-0000-0000-0001-000000000002', 3, 2, '3C', 'seat', 'booked', NULL, '{}'),
  ('a1000000-0002-0003-0004-000000000001', 'f0000000-0000-0000-0001-000000000002', 3, 3, '3D', 'seat', 'booked', NULL, '{}'),
  -- Row 4: all booked
  ('a1000000-0002-0004-0001-000000000001', 'f0000000-0000-0000-0001-000000000002', 4, 0, '4A', 'seat', 'booked', NULL, '{}'),
  ('a1000000-0002-0004-0002-000000000001', 'f0000000-0000-0000-0001-000000000002', 4, 1, '4B', 'seat', 'booked', NULL, '{}'),
  ('a1000000-0002-0004-0003-000000000001', 'f0000000-0000-0000-0001-000000000002', 4, 2, '4C', 'seat', 'booked', NULL, '{}'),
  ('a1000000-0002-0004-0004-000000000001', 'f0000000-0000-0000-0001-000000000002', 4, 3, '4D', 'seat', 'booked', NULL, '{}'),
  -- Row 5: all booked
  ('a1000000-0002-0005-0001-000000000001', 'f0000000-0000-0000-0001-000000000002', 5, 0, '5A', 'seat', 'booked', NULL, '{}'),
  ('a1000000-0002-0005-0002-000000000001', 'f0000000-0000-0000-0001-000000000002', 5, 1, '5B', 'seat', 'booked', NULL, '{}'),
  ('a1000000-0002-0005-0003-000000000001', 'f0000000-0000-0000-0001-000000000002', 5, 2, '5C', 'seat', 'booked', NULL, '{}'),
  ('a1000000-0002-0005-0004-000000000001', 'f0000000-0000-0000-0001-000000000002', 5, 3, '5D', 'seat', 'booked', NULL, '{}'),
  -- Row 6: 6A-6B booked, WC C-D
  ('a1000000-0002-0006-0001-000000000001', 'f0000000-0000-0000-0001-000000000002', 6, 0, '6A', 'seat', 'booked',    NULL, '{}'),
  ('a1000000-0002-0006-0002-000000000001', 'f0000000-0000-0000-0001-000000000002', 6, 1, '6B', 'seat', 'booked',    NULL, '{}'),
  ('a1000000-0002-0006-0003-000000000001', 'f0000000-0000-0000-0001-000000000002', 6, 2, NULL, 'wc',   'available', NULL, '{}'),
  ('a1000000-0002-0006-0004-000000000001', 'f0000000-0000-0000-0001-000000000002', 6, 3, NULL, 'wc',   'available', NULL, '{}'),
  -- Row 7: 7A-7B booked, Kitchen C-D
  ('a1000000-0002-0007-0001-000000000001', 'f0000000-0000-0000-0001-000000000002', 7, 0, '7A', 'seat',    'booked',    NULL, '{}'),
  ('a1000000-0002-0007-0002-000000000001', 'f0000000-0000-0000-0001-000000000002', 7, 1, '7B', 'seat',    'booked',    NULL, '{}'),
  ('a1000000-0002-0007-0003-000000000001', 'f0000000-0000-0000-0001-000000000002', 7, 2, NULL, 'kitchen', 'available', NULL, '{}'),
  ('a1000000-0002-0007-0004-000000000001', 'f0000000-0000-0000-0001-000000000002', 7, 3, NULL, 'kitchen', 'available', NULL, '{}'),
  -- Row 8: all booked
  ('a1000000-0002-0008-0001-000000000001', 'f0000000-0000-0000-0001-000000000002', 8,  0, '8A', 'seat', 'booked', NULL, '{}'),
  ('a1000000-0002-0008-0002-000000000001', 'f0000000-0000-0000-0001-000000000002', 8,  1, '8B', 'seat', 'booked', NULL, '{}'),
  ('a1000000-0002-0008-0003-000000000001', 'f0000000-0000-0000-0001-000000000002', 8,  2, '8C', 'seat', 'booked', NULL, '{}'),
  ('a1000000-0002-0008-0004-000000000001', 'f0000000-0000-0000-0001-000000000002', 8,  3, '8D', 'seat', 'booked', NULL, '{}'),
  -- Row 9: 9A-9C booked, 9D available
  ('a1000000-0002-0009-0001-000000000001', 'f0000000-0000-0000-0001-000000000002', 9,  0, '9A', 'seat', 'booked',    NULL, '{}'),
  ('a1000000-0002-0009-0002-000000000001', 'f0000000-0000-0000-0001-000000000002', 9,  1, '9B', 'seat', 'booked',    NULL, '{}'),
  ('a1000000-0002-0009-0003-000000000001', 'f0000000-0000-0000-0001-000000000002', 9,  2, '9C', 'seat', 'booked',    NULL, '{}'),
  ('a1000000-0002-0009-0004-000000000001', 'f0000000-0000-0000-0001-000000000002', 9,  3, '9D', 'seat', 'available', NULL, '{}'),
  -- Row 10: all available
  ('a1000000-0002-0010-0001-000000000001', 'f0000000-0000-0000-0001-000000000002', 10, 0, '10A', 'seat', 'available', NULL, '{}'),
  ('a1000000-0002-0010-0002-000000000001', 'f0000000-0000-0000-0001-000000000002', 10, 1, '10B', 'seat', 'available', NULL, '{}'),
  ('a1000000-0002-0010-0003-000000000001', 'f0000000-0000-0000-0001-000000000002', 10, 2, '10C', 'seat', 'available', NULL, '{}'),
  ('a1000000-0002-0010-0004-000000000001', 'f0000000-0000-0000-0001-000000000002', 10, 3, '10D', 'seat', 'available', NULL, '{}'),
  -- Row 11: all available
  ('a1000000-0002-0011-0001-000000000001', 'f0000000-0000-0000-0001-000000000002', 11, 0, '11A', 'seat', 'available', NULL, '{}'),
  ('a1000000-0002-0011-0002-000000000001', 'f0000000-0000-0000-0001-000000000002', 11, 1, '11B', 'seat', 'available', NULL, '{}'),
  ('a1000000-0002-0011-0003-000000000001', 'f0000000-0000-0000-0001-000000000002', 11, 2, '11C', 'seat', 'available', NULL, '{}'),
  ('a1000000-0002-0011-0004-000000000001', 'f0000000-0000-0000-0001-000000000002', 11, 3, '11D', 'seat', 'available', NULL, '{}'),
  -- Row 12: all available
  ('a1000000-0002-0012-0001-000000000001', 'f0000000-0000-0000-0001-000000000002', 12, 0, '12A', 'seat', 'available', NULL, '{}'),
  ('a1000000-0002-0012-0002-000000000001', 'f0000000-0000-0000-0001-000000000002', 12, 1, '12B', 'seat', 'available', NULL, '{}'),
  ('a1000000-0002-0012-0003-000000000001', 'f0000000-0000-0000-0001-000000000002', 12, 2, '12C', 'seat', 'available', NULL, '{}'),
  ('a1000000-0002-0012-0004-000000000001', 'f0000000-0000-0000-0001-000000000002', 12, 3, '12D', 'seat', 'available', NULL, '{}');

-- ============================================================================
-- BOOKINGS for NOV-01 2026-06-01 (15 bookings, 30 passengers)
-- ============================================================================
-- Boarding points: AC=Aachen (€0), BN=Bonn (€40/pp), DN=Düren (€40/pp)

INSERT INTO bookings (id, booking_ref, bus_id, departure_date, boarding_point_id, status, total_price, currency, tb_booking_ref, booked_at) VALUES
  -- Aachen Bushof (13 pax, 7 bookings)
  ('a2000000-0000-0000-0002-000000000001', 'FB-2026-0101', 'c0000000-0000-0000-0001-000000000002', '2026-06-01', 'd0000000-0000-0000-0001-000000000004', 'confirmed',   0.00, 'EUR', 'TB-REF-20001', '2026-03-20 10:00:00+01'),
  ('a2000000-0000-0000-0002-000000000002', 'FB-2026-0102', 'c0000000-0000-0000-0001-000000000002', '2026-06-01', 'd0000000-0000-0000-0001-000000000004', 'confirmed',   0.00, 'EUR', 'TB-REF-20002', '2026-03-22 14:30:00+01'),
  ('a2000000-0000-0000-0002-000000000003', 'FB-2026-0103', 'c0000000-0000-0000-0001-000000000002', '2026-06-01', 'd0000000-0000-0000-0001-000000000004', 'confirmed',   0.00, 'EUR', 'TB-REF-20003', '2026-03-25 09:15:00+01'),
  ('a2000000-0000-0000-0002-000000000004', 'FB-2026-0104', 'c0000000-0000-0000-0001-000000000002', '2026-06-01', 'd0000000-0000-0000-0001-000000000004', 'confirmed',   0.00, 'EUR', 'TB-REF-20004', '2026-03-28 11:45:00+01'),
  ('a2000000-0000-0000-0002-000000000005', 'FB-2026-0105', 'c0000000-0000-0000-0001-000000000002', '2026-06-01', 'd0000000-0000-0000-0001-000000000004', 'confirmed',   0.00, 'EUR', 'TB-REF-20005', '2026-04-01 16:20:00+02'),
  ('a2000000-0000-0000-0002-000000000006', 'FB-2026-0106', 'c0000000-0000-0000-0001-000000000002', '2026-06-01', 'd0000000-0000-0000-0001-000000000004', 'confirmed',   0.00, 'EUR', 'TB-REF-20006', '2026-04-05 08:50:00+02'),
  ('a2000000-0000-0000-0002-000000000007', 'FB-2026-0107', 'c0000000-0000-0000-0001-000000000002', '2026-06-01', 'd0000000-0000-0000-0001-000000000004', 'confirmed',   0.00, 'EUR', 'TB-REF-20007', '2026-04-08 13:10:00+02'),
  -- Bonn Busbahnhof (10 pax, 5 bookings)
  ('a2000000-0000-0000-0002-000000000008', 'FB-2026-0108', 'c0000000-0000-0000-0001-000000000002', '2026-06-01', 'd0000000-0000-0000-0001-000000000005', 'confirmed',  80.00, 'EUR', 'TB-REF-20008', '2026-03-24 10:30:00+01'),
  ('a2000000-0000-0000-0002-000000000009', 'FB-2026-0109', 'c0000000-0000-0000-0001-000000000002', '2026-06-01', 'd0000000-0000-0000-0001-000000000005', 'confirmed',  80.00, 'EUR', 'TB-REF-20009', '2026-03-27 15:00:00+01'),
  ('a2000000-0000-0000-0002-000000000010', 'FB-2026-0110', 'c0000000-0000-0000-0001-000000000002', '2026-06-01', 'd0000000-0000-0000-0001-000000000005', 'confirmed',  80.00, 'EUR', 'TB-REF-20010', '2026-04-02 09:40:00+02'),
  ('a2000000-0000-0000-0002-000000000011', 'FB-2026-0111', 'c0000000-0000-0000-0001-000000000002', '2026-06-01', 'd0000000-0000-0000-0001-000000000005', 'confirmed',  80.00, 'EUR', 'TB-REF-20011', '2026-04-07 14:15:00+02'),
  ('a2000000-0000-0000-0002-000000000012', 'FB-2026-0112', 'c0000000-0000-0000-0001-000000000002', '2026-06-01', 'd0000000-0000-0000-0001-000000000005', 'confirmed',  80.00, 'EUR', 'TB-REF-20012', '2026-04-10 11:30:00+02'),
  -- Düren Busbahnhof (7 pax, 3 bookings)
  ('a2000000-0000-0000-0002-000000000013', 'FB-2026-0113', 'c0000000-0000-0000-0001-000000000002', '2026-06-01', 'd0000000-0000-0000-0001-000000000006', 'confirmed',  80.00, 'EUR', 'TB-REF-20013', '2026-03-30 12:00:00+01'),
  ('a2000000-0000-0000-0002-000000000014', 'FB-2026-0114', 'c0000000-0000-0000-0001-000000000002', '2026-06-01', 'd0000000-0000-0000-0001-000000000006', 'confirmed',  80.00, 'EUR', 'TB-REF-20014', '2026-04-04 17:30:00+02'),
  ('a2000000-0000-0000-0002-000000000015', 'FB-2026-0115', 'c0000000-0000-0000-0001-000000000002', '2026-06-01', 'd0000000-0000-0000-0001-000000000006', 'confirmed', 120.00, 'EUR', 'TB-REF-20015', '2026-04-12 10:20:00+02');

-- ============================================================================
-- SEAT ASSIGNMENTS for NOV-01 2026-06-01 (30 passengers)
-- ============================================================================

INSERT INTO seat_assignments (id, booking_id, instance_seat_id, passenger_title, passenger_first_name, passenger_last_name, passenger_nezasa_ref, preferences) VALUES
  -- Booking 101: Schneider (Aachen) → 1A, 1B
  ('a3000000-0000-0000-0002-000000000001', 'a2000000-0000-0000-0002-000000000001', 'a1000000-0002-0001-0001-000000000001', 'MR',  'Thomas',    'Schneider', 'pax-101', '{"window": true}'),
  ('a3000000-0000-0000-0002-000000000002', 'a2000000-0000-0000-0002-000000000001', 'a1000000-0002-0001-0002-000000000001', 'MRS', 'Karin',     'Schneider', 'pax-102', '{}'),
  -- Booking 102: Neumann (Aachen) → 2A, 2B
  ('a3000000-0000-0000-0002-000000000003', 'a2000000-0000-0000-0002-000000000002', 'a1000000-0002-0002-0001-000000000001', 'MR',  'Manfred',   'Neumann',   'pax-103', '{}'),
  ('a3000000-0000-0000-0002-000000000004', 'a2000000-0000-0000-0002-000000000002', 'a1000000-0002-0002-0002-000000000001', 'MRS', 'Brigitte',  'Neumann',   'pax-104', '{}'),
  -- Booking 103: Schwarz (Aachen) → 2C, 2D
  ('a3000000-0000-0000-0002-000000000005', 'a2000000-0000-0000-0002-000000000003', 'a1000000-0002-0002-0003-000000000001', 'MR',  'Günter',    'Schwarz',   'pax-105', '{}'),
  ('a3000000-0000-0000-0002-000000000006', 'a2000000-0000-0000-0002-000000000003', 'a1000000-0002-0002-0004-000000000001', 'MRS', 'Christa',   'Schwarz',   'pax-106', '{}'),
  -- Booking 104: Lang (Aachen) → 3A, 3B
  ('a3000000-0000-0000-0002-000000000007', 'a2000000-0000-0000-0002-000000000004', 'a1000000-0002-0003-0001-000000000001', 'MR',  'Herbert',   'Lang',      'pax-107', '{"window": true}'),
  ('a3000000-0000-0000-0002-000000000008', 'a2000000-0000-0000-0002-000000000004', 'a1000000-0002-0003-0002-000000000001', 'MRS', 'Margarete', 'Lang',      'pax-108', '{}'),
  -- Booking 105: Hartmann (Aachen) → 5A, 5B
  ('a3000000-0000-0000-0002-000000000009', 'a2000000-0000-0000-0002-000000000005', 'a1000000-0002-0005-0001-000000000001', 'MR',  'Gerhard',   'Hartmann',  'pax-109', '{}'),
  ('a3000000-0000-0000-0002-000000000010', 'a2000000-0000-0000-0002-000000000005', 'a1000000-0002-0005-0002-000000000001', 'MRS', 'Elisabeth', 'Hartmann',  'pax-110', '{}'),
  -- Booking 106: Klein (Aachen) → 8A, 8B
  ('a3000000-0000-0000-0002-000000000011', 'a2000000-0000-0000-0002-000000000006', 'a1000000-0002-0008-0001-000000000001', 'MR',  'Helmut',    'Klein',     'pax-111', '{}'),
  ('a3000000-0000-0000-0002-000000000012', 'a2000000-0000-0000-0002-000000000006', 'a1000000-0002-0008-0002-000000000001', 'MRS', 'Rosemarie', 'Klein',     'pax-112', '{}'),
  -- Booking 107: Wolf (Aachen, solo) → 1C
  ('a3000000-0000-0000-0002-000000000013', 'a2000000-0000-0000-0002-000000000007', 'a1000000-0002-0001-0003-000000000001', 'MRS', 'Anneliese', 'Wolf',      'pax-113', '{"window": true}'),
  -- Booking 108: Maier (Bonn) → 3C, 3D
  ('a3000000-0000-0000-0002-000000000014', 'a2000000-0000-0000-0002-000000000008', 'a1000000-0002-0003-0003-000000000001', 'MR',  'Karl-Heinz', 'Maier',    'pax-114', '{}'),
  ('a3000000-0000-0000-0002-000000000015', 'a2000000-0000-0000-0002-000000000008', 'a1000000-0002-0003-0004-000000000001', 'MRS', 'Waltraud',   'Maier',    'pax-115', '{}'),
  -- Booking 109: Huber (Bonn) → 4A, 4B
  ('a3000000-0000-0000-0002-000000000016', 'a2000000-0000-0000-0002-000000000009', 'a1000000-0002-0004-0001-000000000001', 'MR',  'Siegfried',  'Huber',    'pax-116', '{"window": true}'),
  ('a3000000-0000-0000-0002-000000000017', 'a2000000-0000-0000-0002-000000000009', 'a1000000-0002-0004-0002-000000000001', 'MRS', 'Hildegard',  'Huber',    'pax-117', '{}'),
  -- Booking 110: König (Bonn) → 4C, 4D
  ('a3000000-0000-0000-0002-000000000018', 'a2000000-0000-0000-0002-000000000010', 'a1000000-0002-0004-0003-000000000001', 'MR',  'Norbert',    'König',    'pax-118', '{}'),
  ('a3000000-0000-0000-0002-000000000019', 'a2000000-0000-0000-0002-000000000010', 'a1000000-0002-0004-0004-000000000001', 'MRS', 'Renate',     'König',    'pax-119', '{}'),
  -- Booking 111: Frank (Bonn) → 6A, 6B
  ('a3000000-0000-0000-0002-000000000020', 'a2000000-0000-0000-0002-000000000011', 'a1000000-0002-0006-0001-000000000001', 'MR',  'Bernhard',   'Frank',    'pax-120', '{}'),
  ('a3000000-0000-0000-0002-000000000021', 'a2000000-0000-0000-0002-000000000011', 'a1000000-0002-0006-0002-000000000001', 'MRS', 'Gisela',     'Frank',    'pax-121', '{}'),
  -- Booking 112: Albrecht (Bonn) → 7A, 7B
  ('a3000000-0000-0000-0002-000000000022', 'a2000000-0000-0000-0002-000000000012', 'a1000000-0002-0007-0001-000000000001', 'MR',  'Lothar',     'Albrecht',  'pax-122', '{"window": true}'),
  ('a3000000-0000-0000-0002-000000000023', 'a2000000-0000-0000-0002-000000000012', 'a1000000-0002-0007-0002-000000000001', 'MRS', 'Inge',       'Albrecht',  'pax-123', '{}'),
  -- Booking 113: Seidel (Düren) → 5C, 5D
  ('a3000000-0000-0000-0002-000000000024', 'a2000000-0000-0000-0002-000000000013', 'a1000000-0002-0005-0003-000000000001', 'MR',  'Reinhard',   'Seidel',    'pax-124', '{}'),
  ('a3000000-0000-0000-0002-000000000025', 'a2000000-0000-0000-0002-000000000013', 'a1000000-0002-0005-0004-000000000001', 'MRS', 'Doris',      'Seidel',    'pax-125', '{}'),
  -- Booking 114: Pohl (Düren) → 8C, 8D
  ('a3000000-0000-0000-0002-000000000026', 'a2000000-0000-0000-0002-000000000014', 'a1000000-0002-0008-0003-000000000001', 'MR',  'Detlef',     'Pohl',      'pax-126', '{}'),
  ('a3000000-0000-0000-0002-000000000027', 'a2000000-0000-0000-0002-000000000014', 'a1000000-0002-0008-0004-000000000001', 'MRS', 'Edith',      'Pohl',      'pax-127', '{}'),
  -- Booking 115: Engel (Düren, family of 3) → 9A, 9B, 9C
  ('a3000000-0000-0000-0002-000000000028', 'a2000000-0000-0000-0002-000000000015', 'a1000000-0002-0009-0001-000000000001', 'MR',  'Andreas',    'Engel',     'pax-128', '{"window": true}'),
  ('a3000000-0000-0000-0002-000000000029', 'a2000000-0000-0000-0002-000000000015', 'a1000000-0002-0009-0002-000000000001', 'MRS', 'Petra',      'Engel',     'pax-129', '{}'),
  ('a3000000-0000-0000-0002-000000000030', 'a2000000-0000-0000-0002-000000000015', 'a1000000-0002-0009-0003-000000000001', 'MR',  'Maximilian', 'Engel',     'pax-130', '{}');
